Animal ID,Name,Species,Primary Breed,Age Group,Location,Intake Date,Intake Type,OutCome Date,OutCome Type,Days in Custody,Days on Site,Days Available
GPG-A-224,Nena,Dog,"Terrier, Pit Bull",Adult Dog (6 months+),Adopted,9/26/2019,Owner/Guardian Surrender,9/30/2019,Adoption,5,4,5
GPG-A-224-2,Nena,Dog,"Terrier, Pit Bull",Adult Dog (6 months+),Adopted,11/25/2019,Return,11/27/2019,Adoption,2,0,2
GPG-A-340,Gala,Dog,Collie,Adult Dog (6 months+),Transfer Out,12/5/2019,Stray,12/5/2019,Transfer Out,1,1,0
GPG-A-560,Mr. Rogers,Dog,"Terrier, American Pit Bull",Adult Dog (6 months+),Adopted,2/27/2020,Transfer In,4/4/2020,Adoption,37,6,37
GPG-A-773,Aloysius-C,Cat,Domestic Shorthair,Adult Cat (6 months+),Adopted,6/10/2020,Transfer In,6/16/2020,Adoption,6,0,6
GPG-A-1153,Spot,Dog,"Terrier, Pit Bull",Adult Dog (6 months+),Adopted,11/17/2020,Transfer In,1/4/2021,Adoption,49,2,49
GPG-A-1153-2,Spot,Dog,"Terrier, Pit Bull",Adult Dog (6 months+),Adopted,1/5/2021,Return,1/29/2021,Adoption,24,11,24
GPG-A-1153-3,Spot,Dog,"Terrier, Pit Bull",Adult Dog (6 months+),Adopted,1/30/2021,Return,5/1/2021,Adoption,91,7,88
GPG-A-1469,Ciao,Dog,"Terrier, Pit Bull",Adult Dog (6 months+),Adopted,2/11/2021,Owner/Guardian Surrender,4/8/2021,Adoption,57,3,57
GPG-A-1566-2,Checo,Dog,"Bulldog, American",Adult Dog (6 months+),Adopted,3/30/2021,Owner/Guardian Surrender,4/2/2021,Adoption,3,3,3
GPG-A-2440,Barley,Dog,"Terrier, Pit Bull",Adult Dog (6 months+),Adopted,10/14/2021,Owner/Guardian Surrender,2/3/2023,Adoption,478,77,478
GPG-A-2489,Jack,Dog,"Terrier, Pit Bull",Adult Dog (6 months+),Adopted,10/26/2021,Transfer In,2/24/2022,Adoption,122,26,122
GPG-A-1153-4,Spot,Dog,"Terrier, Pit Bull",Adult Dog (6 months+),Adopted,11/18/2021,Owner/Guardian Surrender,2/21/2022,Adoption,95,62,43
GPG-A-2947,Avery,Dog,"Terrier, Pit Bull",Adult Dog (6 months+),N/A,3/1/2022,Transfer In,-,-,393,32,393
GPG-A-2961,Cabbage,Dog,"Terrier, Pit Bull",Adult Dog (6 months+),Adopted,3/3/2022,Transfer In,4/19/2022,Adoption,48,29,48
GPG-A-1153-5,Spot,Dog,"Terrier, Pit Bull",Adult Dog (6 months+),N/A,3/8/2022,Owner/Guardian Surrender,-,-,386,64,386
GPG-A-2971,Titon,Dog,"Terrier, Pit Bull",Adult Dog (6 months+),Adopted,3/10/2022,Transfer In,5/3/2022,Adoption,55,29,55
GPG-A-3022,Vista,Dog,"Terrier, Pit Bull",Adult Dog (6 months+),Adopted,3/22/2022,Transfer In,7/25/2022,Adoption,126,11,123
GPG-A-2489-2,Jack,Dog,"Terrier, Pit Bull",Adult Dog (6 months+),Adopted,3/31/2022,Owner/Guardian Surrender,5/11/2022,Adoption,42,14,42
GPG-A-3145,Kleo-C,Cat,Domestic Shorthair,Adult Cat (6 months+),Adopted,4/21/2022,Owner/Guardian Surrender,5/18/2022,Adoption,28,9,28
GPG-A-1566-3,Checo,Dog,"Bulldog, American",Adult Dog (6 months+),N/A,4/29/2022,Owner/Guardian Surrender,-,-,334,91,326
GPG-A-3238,Confetti-C,Cat,Domestic Shorthair,Adult Cat (6 months+),N/A,5/10/2022,Stray,-,-,323,36,317
GPG-A-3242,Gemstone-C,Cat,Domestic Shorthair,Adult Cat (6 months+),N/A,5/12/2022,Owner/Guardian Surrender,-,-,321,0,320
GPG-A-2489-3,Jack,Dog,"Terrier, Pit Bull",Adult Dog (6 months+),Adopted,5/12/2022,Return,8/5/2022,Adoption,85,14,85
GPG-A-3275,Trudy-C,Cat,Domestic Shorthair,Adult Cat (6 months+),Adopted,5/16/2022,Stray,12/30/2022,Adoption,228,4,222
GPG-A-3292,Mother Goose-C,Cat,Domestic Shorthair,Adult Cat (6 months+),N/A,5/18/2022,Owner/Guardian Surrender,-,-,315,36,311
GPG-A-3428,Andy-C,Cat,Domestic Shorthair,Adult Cat (6 months+),N/A,6/14/2022,Owner/Guardian Surrender,-,-,288,7,288
GPG-A-3430,Sam-C,Cat,Domestic Shorthair,Adult Cat (6 months+),N/A,6/14/2022,Owner/Guardian Surrender,-,-,288,7,288
GPG-A-3433,Sable-C,Cat,Domestic Shorthair,Adult Cat (6 months+),N/A,6/14/2022,Stray,-,-,288,10,279
GPG-A-3443,Choc,Dog,"Terrier, American Pit Bull",Adult Dog (6 months+),N/A,6/16/2022,Transfer In,-,-,286,30,286
GPG-A-3451,Dyson,Dog,"Terrier, Pit Bull",Adult Dog (6 months+),"Adoption Floor (Dog), Kennel 12",6/21/2022,Transfer In,-,-,281,43,281
GPG-A-3532,Egypt-C,Cat,Domestic Shorthair,Adult Cat (6 months+),N/A,6/29/2022,Owner/Guardian Surrender,-,-,273,7,242
GPG-A-3524,Tico,Dog,"Terrier, Pit Bull",Adult Dog (6 months+),Adopted,6/29/2022,Owner/Guardian Surrender,9/11/2022,Adoption,74,2,74
GPG-A-3629,Burmese-C,Cat,Domestic Shorthair,Adult Cat (6 months+),N/A,7/20/2022,Owner/Guardian Surrender,-,-,252,10,226
GPG-A-3680,Poncho,Dog,"Retriever, Labrador",Adult Dog (6 months+),N/A,7/28/2022,Owner/Guardian Surrender,-,-,244,4,15
GPG-A-2961-2,Cabbage,Dog,"Terrier, Pit Bull",Adult Dog (6 months+),Adopted,7/30/2022,Owner/Guardian Surrender,1/19/2023,Adoption,174,18,140
GPG-A-3697,Uno,Dog,"Terrier, Pit Bull",Adult Dog (6 months+),N/A,8/2/2022,Stray,-,-,239,1,239
GPG-A-2971-2,Titon,Dog,"Terrier, Pit Bull",Adult Dog (6 months+),N/A,8/4/2022,Transfer In,-,-,237,17,223
GPG-A-3745,Dexter,Dog,"Terrier, Pit Bull",Adult Dog (6 months+),Adopted,8/16/2022,Owner/Guardian Surrender,11/16/2022,Adoption,92,27,91
GPG-A-3767,Maggie Mae-C,Cat,Domestic Shorthair,Adult Cat (6 months+),N/A,8/17/2022,Owner/Guardian Surrender,-,-,224,27,124
GPG-A-3780,Gail,Dog,Hound,Adult Dog (6 months+),N/A,8/18/2022,Transfer In,-,-,223,28,173
GPG-A-1469-2,Ciao,Dog,"Terrier, Pit Bull",Adult Dog (6 months+),N/A,8/18/2022,Owner/Guardian Surrender,-,-,223,10,223
GPG-A-3829,Carmelita-C,Cat,Domestic Shorthair,Adult Cat (6 months+),N/A,8/31/2022,Stray,-,-,210,22,202
GPG-A-3853,Fall,Dog,"Terrier, Pit Bull",Adult Dog (6 months+),N/A,9/8/2022,Transfer In,-,-,202,4,202
GPG-A-2489-4,Jack,Dog,"Terrier, Pit Bull",Adult Dog (6 months+),N/A,9/20/2022,Owner/Guardian Surrender,-,-,190,39,190
GPG-A-3903,Mya,Dog,Affenpinscher,Adult Dog (6 months+),N/A,9/27/2022,Owner/Guardian Surrender,-,-,183,25,183
GPG-A-3928,Sonia,Dog,"Terrier, Pit Bull",Adult Dog (6 months+),N/A,10/3/2022,Transfer In,-,-,177,33,177
GPG-A-3939,Queen Bee,Dog,"Terrier, American Pit Bull",Adult Dog (6 months+),N/A,10/5/2022,Owner/Guardian Surrender,-,-,175,63,128
GPG-A-3946,Broderick,Dog,"Terrier, Pit Bull",Adult Dog (6 months+),N/A,10/11/2022,Transfer In,-,-,169,33,169
GPG-A-3978,Vash,Dog,"Shepherd, German",Adult Dog (6 months+),N/A,10/15/2022,Stray,-,-,165,41,156
GPG-A-3989,Drago,Dog,Cattle Dog,Adult Dog (6 months+),N/A,10/19/2022,Stray,-,-,161,61,153
GPG-A-3991,Bennett,Dog,"Terrier, Pit Bull",Adult Dog (6 months+),N/A,10/19/2022,Transfer In,-,-,161,37,160
GPG-A-3992,Chipster aka Chip,Dog,"Terrier, Pit Bull",Adult Dog (6 months+),Adopted,10/19/2022,Transfer In,12/29/2022,Adoption,71,43,67
GPG-A-3022-2,Vista,Dog,"Terrier, Pit Bull",Adult Dog (6 months+),N/A,10/24/2022,Owner/Guardian Surrender,-,-,156,0,156
GPG-A-4021,Mavi,Dog,"Terrier, Pit Bull",Adult Dog (6 months+),N/A,10/26/2022,Stray,-,-,154,25,146
GPG-A-4048,Ducky,Dog,Shepherd,Adult Dog (6 months+),N/A,11/3/2022,Owner/Guardian Surrender,-,-,146,42,146
GPG-A-4108,Rousso,Dog,"Terrier, Pit Bull",Adult Dog (6 months+),Adopted,11/15/2022,Transfer In,2/15/2023,Adoption,93,66,93
GPG-A-4126,Collard Greens,Dog,"Terrier, American Pit Bull",Adult Dog (6 months+),N/A,11/19/2022,Stray,-,-,130,26,126
GPG-A-4146,Dorthea,Dog,"Terrier, Pit Bull",Adult Dog (6 months+),Adopted,11/28/2022,Transfer In,2/3/2023,Adoption,68,8,28
GPG-A-4157,Reid,Dog,"Terrier, Pit Bull",Adult Dog (6 months+),Adopted,11/29/2022,Stray,1/20/2023,Adoption,53,44,52
GPG-A-4165,Abra,Dog,Hound,Adult Dog (6 months+),N/A,12/6/2022,Transfer In,-,-,113,4,110
GPG-A-4166,Cadabra,Dog,"Terrier, Pit Bull",Adult Dog (6 months+),N/A,12/6/2022,Transfer In,-,-,113,3,113
GPG-A-3745-2,Dexter,Dog,"Terrier, Pit Bull",Adult Dog (6 months+),N/A,12/6/2022,Owner/Guardian Surrender,-,-,113,47,113
GPG-A-4171,Knight,Dog,"Retriever, Labrador",Adult Dog (6 months+),N/A,12/6/2022,Owner/Guardian Surrender,-,-,113,0,113
GPG-A-4188,Jovie,Dog,"Terrier, Pit Bull",Adult Dog (6 months+),"Adoption Floor (Dog), Kennel 11",12/9/2022,Stray,-,-,110,87,104
GPG-A-4192,Cubby-C,Cat,Domestic Shorthair,Adult Cat (6 months+),N/A,12/13/2022,Stray,-,-,106,8,3
GPG-A-4193,Kathleen,Dog,"Terrier, Pit Bull",Adult Dog (6 months+),N/A,12/13/2022,Stray,-,-,106,0,106
GPG-A-4195,Merry,Dog,"Retriever, Black Labrador",Adult Dog (6 months+),N/A,12/14/2022,Stray,-,-,105,2,96
GPG-A-4226,Kringle,Dog,"Terrier, Pit Bull",Adult Dog (6 months+),N/A,12/19/2022,Stray,-,-,100,1,100
GPG-A-4228,Kimi,Dog,"Terrier, American Staffordshire",Adult Dog (6 months+),N/A,12/19/2022,Stray,-,-,100,2,98
GPG-A-4238,Ryder,Dog,"Terrier, Pit Bull",Adult Dog (6 months+),"Adoption Floor (Dog), Kennel 4",12/21/2022,Transfer In,-,-,98,69,82
GPG-A-4243,Juliana,Dog,"Terrier, Pit Bull",Adult Dog (6 months+),N/A,12/21/2022,Transfer In,-,-,98,0,60
GPG-A-4245,Lyja,Dog,"Terrier, Pit Bull",Puppy (6 weeks-5 months),N/A,12/21/2022,Transfer In,-,-,98,0,54
GPG-A-4246,Brain,Dog,"Terrier, Pit Bull",Puppy (6 weeks-5 months),N/A,12/21/2022,Transfer In,-,-,98,0,55
GPG-A-4247,Grimm,Dog,"Terrier, Pit Bull",Puppy (6 weeks-5 months),N/A,12/21/2022,Transfer In,-,-,98,0,55
GPG-A-4250,Bonnie,Dog,"Terrier, Pit Bull",Adult Dog (6 months+),N/A,12/21/2022,Owner/Guardian Surrender,-,-,98,6,97
GPG-A-4259,Mac,Dog,"Terrier, Pit Bull",Adult Dog (6 months+),N/A,12/22/2022,Stray,-,-,97,9,90
GPG-A-4275,Charlie,Dog,Shepherd,Adult Dog (6 months+),"Adoption Floor (Dog), Kennel 9",12/23/2022,Stray,-,-,96,32,89
GPG-A-4276,Ponderosa,Dog,"Terrier, Pit Bull",Adult Dog (6 months+),N/A,12/23/2022,Stray,-,-,96,19,89
GPG-A-4277,Deandra,Dog,"Terrier, Pit Bull",Adult Dog (6 months+),N/A,12/23/2022,Stray,-,-,96,2,96
GPG-A-4282,Raymond,Dog,"Terrier, Pit Bull",Adult Dog (6 months+),N/A,12/23/2022,Stray,-,-,96,27,92
GPG-A-4284,Duncan,Dog,"Terrier, Pit Bull",Adult Dog (6 months+),N/A,12/26/2022,Stray,-,-,93,3,87
GPG-A-4335,Misty,Dog,"Terrier, American Pit Bull",Adult Dog (6 months+),N/A,1/5/2023,Transfer In,-,-,83,6,83
GPG-A-4344,Abbott,Dog,"Terrier, American Pit Bull",Adult Dog (6 months+),"Adoption Floor (Dog), Kennel 3",1/5/2023,Stray,-,-,83,32,73
GPG-A-4345,Costello,Dog,"Terrier, Pit Bull",Adult Dog (6 months+),N/A,1/5/2023,Stray,-,-,83,8,44
GPG-A-4359,Bon Bon Girl,Dog,"Terrier, American Pit Bull",Adult Dog (6 months+),N/A,1/6/2023,Stray,-,-,82,56,75
GPG-A-4367,Amina,Dog,"Terrier, Pit Bull",Adult Dog (6 months+),N/A,1/10/2023,Stray,-,-,78,7,71
GPG-A-4368,Juke,Dog,"Terrier, American Staffordshire",Adult Dog (6 months+),N/A,1/11/2023,Stray,-,-,77,18,48
GPG-A-4369,Sophia,Dog,"Terrier, American Pit Bull",Adult Dog (6 months+),N/A,1/11/2023,Stray,-,-,77,9,76
GPG-A-4373,Winnie-C,Cat,Domestic Shorthair,Adult Cat (6 months+),Adopted,1/12/2023,Owner/Guardian Surrender,2/2/2023,Adoption,22,2,22
GPG-A-4379,Lovebird,Dog,Rottweiler,Adult Dog (6 months+),Adopted,1/14/2023,Owner/Guardian Surrender,3/15/2023,Adoption,61,6,19
GPG-A-4383,Stork,Dog,Rottweiler,Puppy (6 weeks-5 months),N/A,1/14/2023,Owner/Guardian Surrender,-,-,74,3,72
GPG-A-4386,Mojo,Dog,"Terrier, Pit Bull",Adult Dog (6 months+),N/A,1/17/2023,Owner/Guardian Surrender,-,-,71,46,71
GPG-A-4404,Disco Stu,Dog,"Terrier, Pit Bull",Adult Dog (6 months+),N/A,1/19/2023,Transfer In,-,-,69,19,50
GPG-A-4434,Ralphie,Dog,"Terrier, Pit Bull",Adult Dog (6 months+),Adopted,1/24/2023,Stray,2/19/2023,Adoption,26,26,13
GPG-A-4435,Bae Bae,Dog,"Terrier, American Pit Bull",Adult Dog (6 months+),"Adoption Floor (Dog), Kennel 10",1/24/2023,Owner/Guardian Surrender,-,-,64,56,64
GPG-A-4437,Mia,Dog,"Retriever, Black Labrador",Adult Dog (6 months+),N/A,1/25/2023,Stray,-,-,63,30,50
GPG-A-4440,Amaretto,Dog,"Terrier, Pit Bull",Adult Dog (6 months+),"Adoption Floor (Dog), Kennel 6",1/26/2023,Transfer In,-,-,62,2,62
GPG-A-4535,Birdie,Dog,Beagle,Puppy (6 weeks-5 months),N/A,1/30/2023,Born In Care,-,-,58,0,22
GPG-A-4446,Pablo,Dog,"Terrier, Pit Bull",Adult Dog (6 months+),"Adoption Floor (Dog), Kennel 6",1/30/2023,Stray,-,-,58,43,50
GPG-A-4447,Joey,Dog,"Terrier, Pit Bull",Adult Dog (6 months+),N/A,1/31/2023,Transfer In,-,-,57,7,57
GPG-A-4449,Lamar,Dog,"Terrier, Pit Bull",Adult Dog (6 months+),N/A,1/31/2023,Stray,-,-,57,16,50
GPG-A-4451,Pudge-C,Cat,Domestic Shorthair,Adult Cat (6 months+),N/A,2/1/2023,Stray,-,-,56,7,50
GPG-A-4457,Inky,Dog,"Terrier, Pit Bull",Adult Dog (6 months+),"Suites, Cuddle Room 2",2/2/2023,Stray,-,-,55,52,4
GPG-A-4373-2,Winnie-C,Cat,Domestic Shorthair,Adult Cat (6 months+),N/A,2/2/2023,Return,-,-,55,5,55
GPG-A-4467,Kia,Dog,"Terrier, Pit Bull",Puppy (6 weeks-5 months),N/A,2/3/2023,Owner/Guardian Surrender,-,-,54,1,6
GPG-A-4146-2,Dorthea,Dog,"Terrier, Pit Bull",Adult Dog (6 months+),N/A,2/5/2023,Return,-,-,52,0,52
GPG-A-4479,Portia,Dog,Shepherd,Adult Dog (6 months+),N/A,2/8/2023,Stray,-,-,49,1,1
GPG-A-224-3,Nena,Dog,"Terrier, Pit Bull",Adult Dog (6 months+),Adopted,2/10/2023,Transfer In,2/20/2023,Adoption,11,1,11
GPG-A-4489,Lucia,Dog,"Terrier, Pit Bull",Puppy (6 weeks-5 months),N/A,2/10/2023,Owner/Guardian Surrender,-,-,47,1,37
GPG-A-4491,Cam,Dog,"Terrier, Pit Bull",Puppy (6 weeks-5 months),N/A,2/10/2023,Owner/Guardian Surrender,-,-,47,1,44
GPG-A-4493,Paula,Dog,"Terrier, Pit Bull",Puppy (6 weeks-5 months),N/A,2/10/2023,Owner/Guardian Surrender,-,-,47,2,35
GPG-A-4495,Old Man Jenkins,Dog,"Pyrenees, Great",Adult Dog (6 months+),N/A,2/10/2023,Stray,-,-,47,4,43
GPG-A-4500,Tugboat-C,Cat,Domestic Shorthair,Adult Cat (6 months+),N/A,2/13/2023,Owner/Guardian Surrender,-,-,44,33,27
GPG-A-4514,Maddie,Dog,Shepherd,Puppy (6 weeks-5 months),N/A,2/14/2023,Born In Care,-,-,43,0,2
GPG-A-4510,Lightning,Dog,Shepherd,Puppy (6 weeks-5 months),N/A,2/14/2023,Born In Care,-,-,43,0,0
GPG-A-4511,Tow,Dog,Shepherd,Puppy (6 weeks-5 months),N/A,2/14/2023,Born In Care,-,-,43,0,2
GPG-A-4512,Sarge,Dog,Shepherd,Puppy (6 weeks-5 months),N/A,2/14/2023,Born In Care,-,-,43,0,2
GPG-A-4513,Fillmore,Dog,Shepherd,Puppy (6 weeks-5 months),N/A,2/14/2023,Born In Care,-,-,43,0,2
GPG-A-4515,Cruz,Dog,Shepherd,Puppy (6 weeks-5 months),N/A,2/14/2023,Born In Care,-,-,43,0,2
GPG-A-4516,Holley,Dog,Shepherd,Puppy (6 weeks-5 months),N/A,2/14/2023,Born In Care,-,-,43,0,2
GPG-A-4517,Lizzie,Dog,Shepherd,Puppy (6 weeks-5 months),N/A,2/14/2023,Born In Care,-,-,43,0,2
GPG-A-4507,Brandy,Dog,"Terrier, Pit Bull",Adult Dog (6 months+),N/A,2/15/2023,Stray,-,-,42,22,33
GPG-A-4519,Sasha,Dog,"Bulldog, American",Adult Dog (6 months+),"Suites, Cuddle Room 1",2/17/2023,Owner/Guardian Surrender,-,-,40,23,40
GPG-A-4108-2,Rousso,Dog,"Terrier, Pit Bull",Adult Dog (6 months+),N/A,2/19/2023,Return,-,-,38,0,38
GPG-A-4434-2,Ralphie,Dog,"Terrier, Pit Bull",Adult Dog (6 months+),N/A,2/21/2023,Return,-,-,36,14,36
GPG-A-4532,Billy,Dog,Mastiff,Adult Dog (6 months+),"Adoption Floor (Dog), Kennel 1",2/22/2023,Owner/Guardian Surrender,-,-,35,13,35
GPG-A-4538,Whiskey-C,Cat,Domestic Shorthair,Adult Cat (6 months+),N/A,2/23/2023,Owner/Guardian Surrender,-,-,34,9,34
GPG-A-4537,Frisky-C,Cat,Domestic Shorthair,Adult Cat (6 months+),N/A,2/23/2023,Owner/Guardian Surrender,-,-,34,11,34
GPG-A-4536,Adaline,Dog,"Terrier, Pit Bull",Adult Dog (6 months+),"Adoption Floor (Dog), Kennel 2",2/24/2023,Stray,-,-,33,33,9
GPG-A-4540,Hope Joy,Dog,"Terrier, Pit Bull",Adult Dog (6 months+),N/A,2/25/2023,Stray,-,-,32,11,2
GPG-A-560-2,Mr. Rogers,Dog,"Terrier, American Pit Bull",Adult Dog (6 months+),N/A,2/28/2023,Owner/Guardian Surrender,-,-,29,0,29
GPG-A-4548,Thump,Dog,Great Dane,Adult Dog (6 months+),N/A,3/2/2023,Stray,-,-,27,9,19
GPG-A-4546,Remy,Dog,"Terrier, Pit Bull",Adult Dog (6 months+),"Adoption Floor (Dog), Kennel 14",3/2/2023,Transfer In,-,-,27,18,27
GPG-A-3145-2,Kleo-C,Cat,Domestic Shorthair,Adult Cat (6 months+),N/A,3/2/2023,Owner/Guardian Surrender,-,-,27,1,27
GPG-A-773-2,Aloysius-C,Cat,Domestic Shorthair,Adult Cat (6 months+),N/A,3/3/2023,Stray,-,-,26,15,0
GPG-A-4549,Toffee,Dog,"Poodle, Standard",Adult Dog (6 months+),Adopted,3/7/2023,Stray,3/14/2023,Adoption,8,3,5
GPG-A-4550,Samoa,Dog,"Poodle, Standard",Adult Dog (6 months+),N/A,3/7/2023,Stray,-,-,22,16,15
GPG-A-4551,Theodore,Dog,Great Dane,Adult Dog (6 months+),N/A,3/8/2023,Owner/Guardian Surrender,-,-,21,9,5
GPG-A-4555,Thin Mint-C,Cat,Domestic Shorthair,Kitten (6 weeks-5 months),N/A,3/8/2023,Owner/Guardian Surrender,-,-,21,2,0
GPG-A-4556,Peanut Butter Patty-C,Cat,Domestic Shorthair,Kitten (6 weeks-5 months),N/A,3/8/2023,Owner/Guardian Surrender,-,-,21,2,0
GPG-A-4557,Shortbread-C,Cat,Domestic Shorthair,Kitten (6 weeks-5 months),N/A,3/8/2023,Owner/Guardian Surrender,-,-,21,2,0
GPG-A-4554,Eloise,Dog,"Hound, Plott",Adult Dog (6 months+),N/A,3/9/2023,Stray,-,-,20,12,19
GPG-A-4558,Chaco,Dog,"Terrier, Pit Bull",Adult Dog (6 months+),"Intake Holding Room 1, Kennel 1",3/9/2023,Transfer In,-,-,20,4,20
GPG-A-4560,August,Dog,"Retriever, Labrador",Adult Dog (6 months+),N/A,3/9/2023,Transfer In,-,-,20,9,20
GPG-A-4561,Pansy,Dog,"Retriever, Labrador",Adult Dog (6 months+),Adopted,3/9/2023,Transfer In,3/17/2023,Adoption,8,8,8
GPG-A-4562,Jane,Dog,"Terrier, Pit Bull",Adult Dog (6 months+),N/A,3/9/2023,Transfer In,-,-,20,5,20
GPG-A-4563,Miller,Dog,"Terrier, Pit Bull",Adult Dog (6 months+),N/A,3/9/2023,Transfer In,-,-,20,18,0
GPG-A-3275-2,Trudy-C,Cat,Domestic Shorthair,Adult Cat (6 months+),N/A,3/9/2023,Owner/Guardian Surrender,-,-,20,0,20
GPG-A-4588,Momma Spookey-C D stop 1,Cat,Domestic Longhair,Adult Cat (6 months+),N/A,3/12/2023,Service In,-,-,17,6,12
GPG-A-4589,Katydid-C,Cat,Domestic Longhair,Kitten Unweaned (0-6 weeks),N/A,3/12/2023,Service In,-,-,17,6,12
GPG-A-4590,Grasshopper-C,Cat,Domestic Longhair,Kitten Unweaned (0-6 weeks),N/A,3/12/2023,Service In,-,-,17,6,12
GPG-A-4591,Rainbow-C,Cat,Domestic Longhair,Kitten Unweaned (0-6 weeks),N/A,3/12/2023,Service In,-,-,17,6,12
GPG-A-4571,Ameren,Dog,"Shepherd, German",Adult Dog (6 months+),N/A,3/13/2023,Stray,-,-,16,5,12
GPG-A-4572,Mouse,Dog,"Terrier, Pit Bull",Adult Dog (6 months+),N/A,3/13/2023,Transfer In,-,-,16,1,16
GPG-A-4576,Cream Cheese-C,Cat,Domestic Shorthair,Adult Cat (6 months+),N/A,3/14/2023,Stray,-,-,15,14,2
GPG-A-4573,Nissa,Dog,"Terrier, Pit Bull",Adult Dog (6 months+),"Adoption Floor (Dog), Kennel 13",3/14/2023,Owner/Guardian Surrender,-,-,15,15,15
GPG-A-4574,Nala,Dog,"Terrier, Pit Bull",Adult Dog (6 months+),"Adoption Floor (Dog), Kennel 13",3/14/2023,Owner/Guardian Surrender,-,-,15,15,15
GPG-A-4579,Irish,Dog,"Terrier, Pit Bull",Puppy (6 weeks-5 months),N/A,3/16/2023,Stray,-,-,13,1,12
GPG-A-4580,Clover,Dog,"Terrier, Pit Bull",Puppy (6 weeks-5 months),N/A,3/16/2023,Stray,-,-,13,1,12
GPG-A-4581,Guinness,Dog,"Terrier, Pit Bull",Puppy (6 weeks-5 months),N/A,3/16/2023,Stray,-,-,13,1,12
GPG-A-4583,Pepper Jack-C,Cat,Domestic Shorthair,Adult Cat (6 months+),N/A,3/16/2023,Stray,-,-,13,5,8
GPG-A-4584,Precious,Dog,"Terrier, Jack Russell",Adult Dog (6 months+),N/A,3/16/2023,Owner/Guardian Surrender,-,-,13,1,13
GPG-A-4586,Choppo,Dog,"Terrier, Pit Bull",Adult Dog (6 months+),"Suites, Training Room",3/17/2023,Owner/Guardian Surrender,-,-,12,12,0
GPG-A-4592,Dirt Bike,Dog,"Terrier, Pit Bull",Puppy Unweaned (0-6 weeks),N/A,3/18/2023,Stray,-,-,11,1,0
GPG-A-4605,Adrian,Dog,"Shepherd, German",Adult Dog (6 months+),N/A,3/20/2023,Stray,-,-,9,4,2
GPG-A-4606,Rocky,Dog,"Terrier, American Pit Bull",Adult Dog (6 months+),"Intake Holding Room 1, Kennel 4",3/20/2023,Stray,-,-,9,9,2
GPG-A-4607,Thomas-C,Cat,Domestic Shorthair,Adult Cat (6 months+),"Community Cat Holding & Cat Intake Room, Intake Kennel 8",3/20/2023,Owner/Guardian Surrender,-,-,9,9,0
GPG-A-4609,Finn,Dog,"Pyrenees, Great",Puppy (6 weeks-5 months),N/A,3/21/2023,Transfer In,-,-,8,1,5
GPG-A-4611,Fagen,Dog,"Pyrenees, Great",Puppy (6 weeks-5 months),N/A,3/21/2023,Transfer In,-,-,8,1,5
GPG-A-4613,Cadbury,Dog,"Terrier, Pit Bull",Adult Dog (6 months+),"GPG Shelter ESTL, Meet & Greet/Adoption Room",3/21/2023,Stray,-,-,8,8,0
GPG-A-4619,Peep-C,Cat,Domestic Shorthair,Kitten Unweaned (0-6 weeks),N/A,3/21/2023,Owner/Guardian Surrender,-,-,8,1,1
GPG-A-4620,Jelly Bean-C,Cat,Domestic Shorthair,Kitten Unweaned (0-6 weeks),N/A,3/21/2023,Owner/Guardian Surrender,-,-,8,1,0
GPG-A-4621,Easter-C,Cat,Domestic Shorthair,Kitten Unweaned (0-6 weeks),N/A,3/21/2023,Owner/Guardian Surrender,-,-,8,1,1
GPG-A-4622,Lollie-C,Cat,Domestic Shorthair,Kitten Unweaned (0-6 weeks),N/A,3/21/2023,Owner/Guardian Surrender,-,-,8,1,1
GPG-A-4623,Cricket-C,Cat,Domestic Shorthair,Kitten Unweaned (0-6 weeks),N/A,3/21/2023,Owner/Guardian Surrender,-,-,8,1,0
GPG-A-4624,Rabbit-C,Cat,Domestic Shorthair,Kitten Unweaned (0-6 weeks),N/A,3/21/2023,Owner/Guardian Surrender,-,-,8,1,0
GPG-A-4625,Peter-C,Cat,Domestic Shorthair,Kitten Unweaned (0-6 weeks),N/A,3/21/2023,Owner/Guardian Surrender,-,-,8,1,0
GPG-A-4626,Tinkerbell-C,Cat,Domestic Shorthair,Adult Cat (6 months+),"Adoption Room (Cat), Free Roaming",3/21/2023,Owner/Guardian Surrender,-,-,8,8,1
GPG-A-4627,Fiona-C,Cat,Domestic Shorthair,Adult Cat (6 months+),"Adoption Room (Cat), Free Roaming",3/21/2023,Owner/Guardian Surrender,-,-,8,8,1
GPG-A-4635,Tonka,Dog,"Terrier, Pit Bull",Adult Dog (6 months+),"Intake Holding Room 1, Kennel 3",3/22/2023,Stray,-,-,7,7,0
GPG-A-4631,Big Bertha,Dog,Akita,Adult Dog (6 months+),N/A,3/22/2023,Stray,-,-,7,5,3
GPG-A-4632,Blackie-C,Cat,Domestic Shorthair,Adult Cat (6 months+),N/A,3/22/2023,Owner/Guardian Surrender,-,-,7,1,0
GPG-A-4637,Charlie Daniels,Dog,Saint Bernard,Adult Dog (6 months+),N/A,3/23/2023,Stray,-,-,6,2,0
GPG-A-4646,Annalee,Cat,Domestic Shorthair,Kitten Unweaned (0-6 weeks),Transfer Out,3/24/2023,Stray,3/24/2023,Transfer Out,1,1,0
GPG-A-4638,Zenon,Dog,"Terrier, Pit Bull",Puppy (6 weeks-5 months),N/A,3/24/2023,Owner/Guardian Surrender,-,-,5,1,5
GPG-A-4639,Astrid,Dog,"Terrier, Pit Bull",Puppy (6 weeks-5 months),N/A,3/24/2023,Owner/Guardian Surrender,-,-,5,3,5
GPG-A-3524-2,Tico,Dog,"Terrier, Pit Bull",Adult Dog (6 months+),N/A,3/27/2023,Owner/Guardian Surrender,-,-,2,0,2
GPG-A-4653,Blix,Dog,"Terrier, American Pit Bull",Adult Dog (6 months+),"Intake Holding Room 1, Kennel 2",3/27/2023,Owner/Guardian Surrender,-,-,2,2,2
GPG-A-4654,Llama,Dog,"Terrier, American Pit Bull",Puppy (6 weeks-5 months),N/A,3/27/2023,Owner/Guardian Surrender,-,-,2,2,2
GPG-A-4655,Cruz-C,Cat,Domestic Shorthair,Adult Cat (6 months+),"Community Cat Holding & Cat Intake Room, Intake Kennel 7",3/28/2023,Transfer In,-,-,1,1,0
GPG-A-4656,Ohana aka Rudolph,Dog,Shiba Inu,Adult Dog (6 months+),"Intake Holding Room 1, Kennel 5",3/28/2023,Transfer In,-,-,1,0,0
GPG-A-4657,Tate-C,Cat,Domestic Shorthair,Adult Cat (6 months+),"Community Cat Holding & Cat Intake Room, Intake Kennel 5",3/28/2023,Stray,-,-,1,1,0
GPG-A-4658,Kate-C,Cat,Domestic Shorthair,Adult Cat (6 months+),"Community Cat Holding & Cat Intake Room, Intake Kennel 5",3/28/2023,Stray,-,-,1,1,0
